START DATE,END DATE,SUBJECT,START TIME (PT),START TIME (MT),START TIME (CT),START TIME (ET),END TIME (PT),END TIME (MT),END TIME (CT),END TIME (ET),SHOW TIME AS,DESCRIPTION,AWAY TEAM,HOME TEAM,AWAY SCORE, HOME SCORE
9/29/2010,9/29/2010,Flames at NY Islanders,6:00 PM,7:00 PM,8:00 PM,9:00 PM,9:00 PM,10:00 PM,11:00 PM,11:59 PM,FREE,www.MySportsCal.com,Calgary,NY Islanders,3,1
1/3/2011,1/3/2011,NY Islanders at Flames,6:00 PM,7:00 PM,8:00 PM,9:00 PM,9:00 PM,10:00 PM,11:00 PM,11:59 PM,FREE,www.MySportsCal.com,NY Islanders,Calgary,5,2
1/6/2011,1/6/2011,NY Islanders at Oilers,6:00 PM,7:00 PM,8:00 PM,9:00 PM,9:00 PM,10:00 PM,11:00 PM,11:59 PM,FREE,www.MySportsCal.com,NY Islanders,Edmonton,1,2
11/10/2010,11/10/2010,NY Islanders at Ducks,7:00 PM,8:00 PM,9:00 PM,10:00 PM,10:00 PM,11:00 PM,11:59 PM,11:59 PM,FREE,www.MySportsCal.com,NY Islanders,Anaheim,0,1
11/11/2010,11/11/2010,NY Islanders at Sharks,7:30 PM,8:30 PM,9:30 PM,10:30 PM,10:30 PM,11:30 PM,11:59 PM,11:59 PM,FREE,www.MySportsCal.com,NY Islanders,San Jose,1,2
11/13/2010,11/13/2010,NY Islanders at Kings,7:30 PM,8:30 PM,9:30 PM,10:30 PM,10:30 PM,11:30 PM,11:59 PM,11:59 PM,FREE,www.MySportsCal.com,NY Islanders,Los Angeles,1,5
10/11/2010,10/11/2010,NY Rangers at NY Islanders,10:00 AM,11:00 AM,12:00 PM,1:00 PM,1:00 PM,2:00 PM,3:00 PM,4:00 PM,FREE,www.MySportsCal.com,NY Rangers,NY Islanders,4,6
11/26/2010,11/26/2010,Devils at NY Islanders,10:00 AM,11:00 AM,12:00 PM,1:00 PM,1:00 PM,2:00 PM,3:00 PM,4:00 PM,FREE,www.MySportsCal.com,New Jersey,NY Islanders,0,2
12/5/2010,12/5/2010,Flyers at NY Islanders,10:00 AM,11:00 AM,12:00 PM,1:00 PM,1:00 PM,2:00 PM,3:00 PM,4:00 PM,FREE,www.MySportsCal.com,Philadelphia,NY Islanders,3,2
1/17/2011,1/17/2011,Devils at NY Islanders,10:00 AM,11:00 AM,12:00 PM,1:00 PM,1:00 PM,2:00 PM,3:00 PM,4:00 PM,FREE,www.MySportsCal.com,New Jersey,NY Islanders,5,2
2/21/2011,2/21/2011,Panthers at NY Islanders,10:00 AM,11:00 AM,12:00 PM,1:00 PM,1:00 PM,2:00 PM,3:00 PM,4:00 PM,FREE,www.MySportsCal.com,Florida,NY Islanders,1,5
3/5/2011,3/5/2011,Blues at NY Islanders,10:00 AM,11:00 AM,12:00 PM,1:00 PM,1:00 PM,2:00 PM,3:00 PM,4:00 PM,FREE,www.MySportsCal.com,St. Louis,NY Islanders,2,5
3/6/2011,3/6/2011,Devils at NY Islanders,10:00 AM,11:00 AM,12:00 PM,1:00 PM,1:00 PM,2:00 PM,3:00 PM,4:00 PM,FREE,www.MySportsCal.com,New Jersey,NY Islanders,3,2
1/23/2011,1/23/2011,Sabres at NY Islanders [NBC],12:00 PM,1:00 PM,2:00 PM,3:00 PM,3:00 PM,4:00 PM,5:00 PM,6:00 PM,FREE,www.MySportsCal.com,Buffalo,NY Islanders,5,3
1/8/2011,1/8/2011,NY Islanders at Avalanche,12:00 PM,1:00 PM,2:00 PM,3:00 PM,3:00 PM,4:00 PM,5:00 PM,6:00 PM,FREE,www.MySportsCal.com,NY Islanders,Colorado,4,3
2/13/2011,2/13/2011,NY Islanders at Sabres,12:00 PM,1:00 PM,2:00 PM,3:00 PM,3:00 PM,4:00 PM,5:00 PM,6:00 PM,FREE,www.MySportsCal.com,NY Islanders,Buffalo,7,6
11/21/2010,11/21/2010,NY Islanders at Thrashers,2:00 PM,3:00 PM,4:00 PM,5:00 PM,5:00 PM,6:00 PM,7:00 PM,8:00 PM,FREE,www.MySportsCal.com,NY Islanders,Atlanta,1,2
10/9/2010,10/9/2010,Stars at NY Islanders,4:00 PM,5:00 PM,6:00 PM,7:00 PM,7:00 PM,8:00 PM,9:00 PM,10:00 PM,FREE,www.MySportsCal.com,Dallas,NY Islanders,5,4
10/16/2010,10/16/2010,Avalanche at NY Islanders,4:00 PM,5:00 PM,6:00 PM,7:00 PM,7:00 PM,8:00 PM,9:00 PM,10:00 PM,FREE,www.MySportsCal.com,Colorado,NY Islanders,2,5 
10/29/2010,10/29/2010,Canadiens at NY Islanders [RDS],4:00 PM,5:00 PM,6:00 PM,7:00 PM,7:00 PM,8:00 PM,9:00 PM,10:00 PM,FREE,www.MySportsCal.com,Montreal,NY Islanders,3,1
11/6/2010,11/6/2010,Flyers at NY Islanders,4:00 PM,5:00 PM,6:00 PM,7:00 PM,7:00 PM,8:00 PM,9:00 PM,10:00 PM,FREE,www.MySportsCal.com,Philadelphia,NY Islanders,2,1
11/17/2010,11/17/2010,Lightning at NY Islanders,4:00 PM,5:00 PM,6:00 PM,7:00 PM,7:00 PM,8:00 PM,9:00 PM,10:00 PM,FREE,www.MySportsCal.com,Tampa Bay,NY Islanders,4,2
11/20/2010,11/20/2010,Panthers at NY Islanders,4:00 PM,5:00 PM,6:00 PM,7:00 PM,7:00 PM,8:00 PM,9:00 PM,10:00 PM,FREE,www.MySportsCal.com,Florida,NY Islanders,4,1
11/24/2010,11/24/2010,Blue Jackets at NY Islanders,4:00 PM,5:00 PM,6:00 PM,7:00 PM,7:00 PM,8:00 PM,9:00 PM,10:00 PM,FREE,www.MySportsCal.com,Columbus,NY Islanders,4,3
12/2/2010,12/2/2010,NY Rangers at NY Islanders,4:00 PM,5:00 PM,6:00 PM,7:00 PM,7:00 PM,8:00 PM,9:00 PM,10:00 PM,FREE,www.MySportsCal.com,NY Rangers,NY Islanders,6,5
12/11/2010,12/11/2010,Thrashers at NY Islanders,4:00 PM,5:00 PM,6:00 PM,7:00 PM,7:00 PM,8:00 PM,9:00 PM,10:00 PM,FREE,www.MySportsCal.com,Atlanta,NY Islanders,5,4
12/16/2010,12/16/2010,Ducks at NY Islanders,4:00 PM,5:00 PM,6:00 PM,7:00 PM,7:00 PM,8:00 PM,9:00 PM,10:00 PM,FREE,www.MySportsCal.com,Anaheim,NY Islanders,2,3
12/18/2010,12/18/2010,Coyotes at NY Islanders,4:00 PM,5:00 PM,6:00 PM,7:00 PM,7:00 PM,8:00 PM,9:00 PM,10:00 PM,FREE,www.MySportsCal.com,Phoenix,NY Islanders,4,3
12/22/2010,12/22/2010,Lightning at NY Islanders,4:00 PM,5:00 PM,6:00 PM,7:00 PM,7:00 PM,8:00 PM,9:00 PM,10:00 PM,FREE,www.MySportsCal.com,Tampa Bay,NY Islanders,1,2
12/26/2010,12/26/2010,Canadiens at NY Islanders [RDS],4:00 PM,5:00 PM,6:00 PM,7:00 PM,7:00 PM,8:00 PM,9:00 PM,10:00 PM,FREE,www.MySportsCal.com,Montreal,NY Islanders,1,4
12/29/2010,12/29/2010,Penguins at NY Islanders,4:00 PM,5:00 PM,6:00 PM,7:00 PM,7:00 PM,8:00 PM,9:00 PM,10:00 PM,FREE,www.MySportsCal.com,Pittsburgh,NY Islanders,1,2
1/11/2011,1/11/2011,Canucks at NY Islanders,4:00 PM,5:00 PM,6:00 PM,7:00 PM,7:00 PM,8:00 PM,9:00 PM,10:00 PM,FREE,www.MySportsCal.com,Vancouver,NY Islanders,4,3
1/13/2011,1/13/2011,Senators at NY Islanders [TSN],4:00 PM,5:00 PM,6:00 PM,7:00 PM,7:00 PM,8:00 PM,9:00 PM,10:00 PM,FREE,www.MySportsCal.com,Ottawa,NY Islanders,6,4
1/15/2011,1/15/2011,Sabres at NY Islanders,4:00 PM,5:00 PM,6:00 PM,7:00 PM,7:00 PM,8:00 PM,9:00 PM,10:00 PM,FREE,www.MySportsCal.com,Buffalo,NY Islanders,3,5
1/20/2011,1/20/2011,Capitals at NY Islanders,4:00 PM,5:00 PM,6:00 PM,7:00 PM,7:00 PM,8:00 PM,9:00 PM,10:00 PM,FREE,www.MySportsCal.com,Washington,NY Islanders,2,1
1/26/2011,1/26/2011,Hurricanes at NY Islanders,4:00 PM,5:00 PM,6:00 PM,7:00 PM,7:00 PM,8:00 PM,9:00 PM,10:00 PM,FREE,www.MySportsCal.com,Carolina,NY Islanders,4,2
2/5/2011,2/5/2011,Senators at NY Islanders [CBC],4:00 PM,5:00 PM,6:00 PM,7:00 PM,7:00 PM,8:00 PM,9:00 PM,10:00 PM,FREE,www.MySportsCal.com,Ottawa,NY Islanders,3,5
2/8/2011,2/8/2011,Maple Leafs at NY Islanders,4:00 PM,5:00 PM,6:00 PM,7:00 PM,7:00 PM,8:00 PM,9:00 PM,10:00 PM,FREE,www.MySportsCal.com,Toronto,NY Islanders,5,3
2/11/2011,2/11/2011,Penguins at NY Islanders,4:00 PM,5:00 PM,6:00 PM,7:00 PM,7:00 PM,8:00 PM,9:00 PM,10:00 PM,FREE,www.MySportsCal.com,Pittsburgh,NY Islanders,3,9
2/17/2011,2/17/2011,Bruins at NY Islanders,4:00 PM,5:00 PM,6:00 PM,7:00 PM,7:00 PM,8:00 PM,9:00 PM,10:00 PM,FREE,www.MySportsCal.com,Boston,NY Islanders,6,3
2/19/2011,2/19/2011,Kings at NY Islanders,4:00 PM,5:00 PM,6:00 PM,7:00 PM,7:00 PM,8:00 PM,9:00 PM,10:00 PM,FREE,www.MySportsCal.com,Los Angeles,NY Islanders,0,3
2/26/2011,2/26/2011,Capitals at NY Islanders,4:00 PM,5:00 PM,6:00 PM,7:00 PM,7:00 PM,8:00 PM,9:00 PM,10:00 PM,FREE,www.MySportsCal.com,Washington,NY Islanders,3,2
3/2/2011,3/2/2011,Wild at NY Islanders,4:00 PM,5:00 PM,6:00 PM,7:00 PM,7:00 PM,8:00 PM,9:00 PM,10:00 PM,FREE,www.MySportsCal.com,Minnesota,NY Islanders,1,4
3/8/2011,3/8/2011,Maple Leafs at NY Islanders,4:00 PM,5:00 PM,6:00 PM,7:00 PM,7:00 PM,8:00 PM,9:00 PM,10:00 PM,FREE,www.MySportsCal.com,Toronto,NY Islanders,3,4
3/11/2011,3/11/2011,Bruins at NY Islanders,4:00 PM,5:00 PM,6:00 PM,7:00 PM,7:00 PM,8:00 PM,9:00 PM,10:00 PM,FREE,www.MySportsCal.com,Boston,NY Islanders,2,4
3/24/2011,3/24/2011,Thrashers at NY Islanders,4:00 PM,5:00 PM,6:00 PM,7:00 PM,7:00 PM,8:00 PM,9:00 PM,10:00 PM,FREE,www.MySportsCal.com,Atlanta,NY Islanders,2,1
3/26/2011,3/26/2011,Flyers at NY Islanders,4:00 PM,5:00 PM,6:00 PM,7:00 PM,7:00 PM,8:00 PM,9:00 PM,10:00 PM,FREE,www.MySportsCal.com,Philadelphia,NY Islanders,4,1
3/31/2011,3/31/2011,NY Rangers at NY Islanders,4:00 PM,5:00 PM,6:00 PM,7:00 PM,7:00 PM,8:00 PM,9:00 PM,10:00 PM,FREE,www.MySportsCal.com,NY Rangers,NY Islanders,2,6
4/2/2011,4/2/2011,Hurricanes at NY Islanders,4:00 PM,5:00 PM,6:00 PM,7:00 PM,7:00 PM,8:00 PM,9:00 PM,10:00 PM,FREE,www.MySportsCal.com,Carolina,NY Islanders,4,2
4/8/2011,4/8/2011,Penguins at NY Islanders,4:00 PM,5:00 PM,6:00 PM,7:00 PM,7:00 PM,8:00 PM,9:00 PM,10:00 PM,FREE,www.MySportsCal.com,Pittsburgh,NY Islanders,4,3
10/13/2010,10/13/2010,NY Islanders at Capitals [VERSUS],4:00 PM,5:00 PM,6:00 PM,7:00 PM,7:00 PM,8:00 PM,9:00 PM,10:00 PM,FREE,www.MySportsCal.com,NY Islanders,Washington,1,2
10/15/2010,10/15/2010,NY Islanders at Penguins,4:00 PM,5:00 PM,6:00 PM,7:00 PM,7:00 PM,8:00 PM,9:00 PM,10:00 PM,FREE,www.MySportsCal.com,NY Islanders,Pittsburgh,2,3
10/18/2010,10/18/2010,NY Islanders at Maple Leafs,4:00 PM,5:00 PM,6:00 PM,7:00 PM,7:00 PM,8:00 PM,9:00 PM,10:00 PM,FREE,www.MySportsCal.com,NY Islanders,Toronto,2,1
10/23/2010,10/23/2010,NY Islanders at Panthers,4:00 PM,5:00 PM,6:00 PM,7:00 PM,7:00 PM,8:00 PM,9:00 PM,10:00 PM,FREE,www.MySportsCal.com,NY Islanders,Florida,3,4
10/30/2010,10/30/2010,NY Islanders at Flyers,4:00 PM,5:00 PM,6:00 PM,7:00 PM,7:00 PM,8:00 PM,9:00 PM,10:00 PM,FREE,www.MySportsCal.com,NY Islanders,Philadelphia,1,6
11/3/2010,11/3/2010,NY Islanders at Hurricanes,4:00 PM,5:00 PM,6:00 PM,7:00 PM,7:00 PM,8:00 PM,9:00 PM,10:00 PM,FREE,www.MySportsCal.com,NY Islanders,Carolina,2,7
12/3/2010,12/3/2010,NY Islanders at NY Rangers,4:00 PM,5:00 PM,6:00 PM,7:00 PM,7:00 PM,8:00 PM,9:00 PM,10:00 PM,FREE,www.MySportsCal.com,NY Islanders,NY Rangers,0,2
12/9/2010,12/9/2010,NY Islanders at Bruins,4:00 PM,5:00 PM,6:00 PM,7:00 PM,7:00 PM,8:00 PM,9:00 PM,10:00 PM,FREE,www.MySportsCal.com,NY Islanders,Boston,2,5
12/23/2010,12/23/2010,NY Islanders at Devils,4:00 PM,5:00 PM,6:00 PM,7:00 PM,7:00 PM,8:00 PM,9:00 PM,10:00 PM,FREE,www.MySportsCal.com,NY Islanders,New Jersey,5,1
12/27/2010,12/27/2010,NY Islanders at NY Rangers [RDS],4:00 PM,5:00 PM,6:00 PM,7:00 PM,7:00 PM,8:00 PM,9:00 PM,10:00 PM,FREE,www.MySportsCal.com,NY Islanders,NY Rangers,2,7
12/31/2010,12/31/2010,NY Islanders at Red Wings,4:00 PM,5:00 PM,6:00 PM,7:00 PM,7:00 PM,8:00 PM,9:00 PM,10:00 PM,FREE,www.MySportsCal.com,NY Islanders,Detroit,4,3
1/9/2011,1/9/2011,NY Islanders at Blackhawks,4:00 PM,5:00 PM,6:00 PM,7:00 PM,7:00 PM,8:00 PM,9:00 PM,10:00 PM,FREE,www.MySportsCal.com,NY Islanders,Chicago,0,5
1/25/2011,1/25/2011,NY Islanders at Penguins,4:00 PM,5:00 PM,6:00 PM,7:00 PM,7:00 PM,8:00 PM,9:00 PM,10:00 PM,FREE,www.MySportsCal.com,NY Islanders,Pittsburgh,0,1
2/1/2011,2/1/2011,NY Islanders at Thrashers,4:00 PM,5:00 PM,6:00 PM,7:00 PM,7:00 PM,8:00 PM,9:00 PM,10:00 PM,FREE,www.MySportsCal.com,NY Islanders,Atlanta,4,1
2/2/2011,2/2/2011,NY Islanders at Penguins [VERSUS],4:00 PM,5:00 PM,6:00 PM,7:00 PM,7:00 PM,8:00 PM,9:00 PM,10:00 PM,FREE,www.MySportsCal.com,NY Islanders,Pittsburgh,0,3
2/22/2011,2/22/2011,NY Islanders at Maple Leafs,4:00 PM,5:00 PM,6:00 PM,7:00 PM,7:00 PM,8:00 PM,9:00 PM,10:00 PM,FREE,www.MySportsCal.com,NY Islanders,Toronto,1,2
2/24/2011,2/24/2011,NY Islanders at Flyers,4:00 PM,5:00 PM,6:00 PM,7:00 PM,7:00 PM,8:00 PM,9:00 PM,10:00 PM,FREE,www.MySportsCal.com,NY Islanders,Philadelphia,3,4
3/1/2011,3/1/2011,NY Islanders at Capitals,4:00 PM,5:00 PM,6:00 PM,7:00 PM,7:00 PM,8:00 PM,9:00 PM,10:00 PM,FREE,www.MySportsCal.com,NY Islanders,Washington,1,2
3/12/2011,3/12/2011,NY Islanders at Devils,4:00 PM,5:00 PM,6:00 PM,7:00 PM,7:00 PM,8:00 PM,9:00 PM,10:00 PM,FREE,www.MySportsCal.com,NY Islanders,New Jersey,2,3
3/15/2011,3/15/2011,NY Islanders at NY Rangers,4:00 PM,5:00 PM,6:00 PM,7:00 PM,7:00 PM,8:00 PM,9:00 PM,10:00 PM,FREE,www.MySportsCal.com,NY Islanders,NY Rangers,3,6
3/18/2011,3/18/2011,NY Islanders at Hurricanes,4:00 PM,5:00 PM,6:00 PM,7:00 PM,7:00 PM,8:00 PM,9:00 PM,10:00 PM,FREE,www.MySportsCal.com,NY Islanders,Carolina,2,3
3/19/2011,3/19/2011,NY Islanders at Panthers,4:00 PM,5:00 PM,6:00 PM,7:00 PM,7:00 PM,8:00 PM,9:00 PM,10:00 PM,FREE,www.MySportsCal.com,NY Islanders,Florida,4,3
3/30/2011,3/30/2011,NY Islanders at Devils,4:00 PM,5:00 PM,6:00 PM,7:00 PM,7:00 PM,8:00 PM,9:00 PM,10:00 PM,FREE,www.MySportsCal.com,NY Islanders,New Jersey,2,3
4/6/2011,4/6/2011,NY Islanders at Bruins,4:00 PM,5:00 PM,6:00 PM,7:00 PM,7:00 PM,8:00 PM,9:00 PM,10:00 PM,FREE,www.MySportsCal.com,NY Islanders,Boston,2,3
4/9/2011,4/9/2011,NY Islanders at Flyers,4:00 PM,5:00 PM,6:00 PM,7:00 PM,7:00 PM,8:00 PM,9:00 PM,10:00 PM,FREE,www.MySportsCal.com,NY Islanders,Philadelphia,4,7
10/21/2010,10/21/2010,NY Islanders at Lightning,4:30 PM,5:30 PM,6:30 PM,7:30 PM,7:30 PM,8:30 PM,9:30 PM,10:30 PM,FREE,www.MySportsCal.com,NY Islanders,Tampa Bay,3,2
10/27/2010,10/27/2010,NY Islanders at Canadiens [RDS],4:30 PM,5:30 PM,6:30 PM,7:30 PM,7:30 PM,8:30 PM,9:30 PM,10:30 PM,FREE,www.MySportsCal.com,NY,3,5 Islanders,Montreal,3,5
11/4/2010,11/4/2010,NY Islanders at Senators [TSN],4:30 PM,5:30 PM,6:30 PM,7:30 PM,7:30 PM,8:30 PM,9:30 PM,10:30 PM,FREE,www.MySportsCal.com,NY Islanders,Ottawa,1,4
1/21/2011,1/21/2011,NY Islanders at Sabres,4:30 PM,5:30 PM,6:30 PM,7:30 PM,7:30 PM,8:30 PM,9:30 PM,10:30 PM,FREE,www.MySportsCal.com,NY Islanders,Buffalo,5,2
2/10/2011,2/10/2011,NY Islanders at Canadiens [RDS],4:30 PM,5:30 PM,6:30 PM,7:30 PM,7:30 PM,8:30 PM,9:30 PM,10:30 PM,FREE,www.MySportsCal.com,NY Islanders,Montreal,4,3
2/15/2011,2/15/2011,NY Islanders at Senators,4:30 PM,5:30 PM,6:30 PM,7:30 PM,7:30 PM,8:30 PM,9:30 PM,10:30 PM,FREE,www.MySportsCal.com,NY Islanders,Ottawa,4,3
3/22/2011,3/22/2011,NY Islanders at Lightning,4:30 PM,5:30 PM,6:30 PM,7:30 PM,7:30 PM,8:30 PM,9:30 PM,10:30 PM,FREE,www.MySportsCal.com,NY Islanders,Tampa Bay,5,2
12/13/2010,12/13/2010,NY Islanders at Predators,5:00 PM,6:00 PM,7:00 PM,8:00 PM,8:00 PM,9:00 PM,10:00 PM,11:00 PM,FREE,www.MySportsCal.com,NY Islanders,Nashville,0,5
